TOMAS      ; no relevante ; PRUEBA@PRUEBA.COM ; 123456789 ; 00001 ; 28/7/2017 ; PRUEBA1700001 ; ENVIADO
TOMAS      ; no relevante ; PRUEBA@PRUEBA.COM ; 123456789 ; 00001 ; 28/7/2017 ; PRUEBA1700002 ; ENVIADO
MARIA PAZ  ; no relevante ; PRUEBA@PRUEBA.COM ; 123456789 ; 00003 ; 28/7/2017 ; PRUEBA1700004 ; ENVIADO
MARIA JOSE ; no relevante ; PRUEBA@PRUEBA.COM ; 123456789 ; 00004 ; 28/7/2017 ; PRUEBA1700005 ; ENVIADO
IGNACIO    ; no relevante ; PRUEBA@PRUEBA.COM ; 123456789 ; 00005 ; 29/7/2017 ; PRUEBA1700006 ; ENVIADO
SUSANA     ; no relevante ; PRUEBA@PRUEBA.COM ; 123456789 ; 00006 ; 29/7/2017 ; PRUEBA1700007 ; ENVIADO
IGNACIO    ; no relevante ; PRUEBA@PRUEBA.COM ; 123456789 ; 00007 ; 29/7/2017 ; PRUEBA1700008 ; ENVIADO
IGNACIO    ; no relevante ; PRUEBA@PRUEBA.COM ; 123456789 ; 00007 ; 29/7/2017 ; PRUEBA1700009 ; ENVIADO
IGNACIO    ; no relevante ; PRUEBA@PRUEBA.COM ; 123456789 ; 00007 ; 29/7/2017 ; PRUEBA1700010 ; ENVIADO
IGNACIO    ; no relevante ; PRUEBA@PRUEBA.COM ; 123456789 ; 00007 ; 29/7/2017 ; PRUEBA1700011 ; ENVIADO
IGNACIO    ; no relevante ; PRUEBA@PRUEBA.COM ; 123456789 ; 00007 ; 29/7/2017 ; PRUEBA1700012 ; ENVIADO
MATIAS     ; no relevante ; PRUEBA@PRUEBA.COM ; 123456789 ; 00008 ; 29/7/2017 ; PRUEBA1700013 ; ENVIADO
ALONSO     ; no relevante ; PRUEBA@PRUEBA.COM ; 123456789 ; 00009 ; 29/7/2017 ; PRUEBA1700014 ; ENVIADO
BENJAMIN   ; no relevante ; PRUEBA@PRUEBA.COM ; 123456789 ; 00010 ; 29/7/2017 ; PRUEBA1700015 ; ENVIADO
DIEGO      ; no relevante ; PRUEBA@PRUEBA.COM ; 123456789 ; 00011 ; 29/7/2017 ; PRUEBA1700016 ; ENVIADO
BASTIAN    ; no relevante ; PRUEBA@PRUEBA.COM ; 123456789 ; 00014 ; 29/7/2017 ; PRUEBA1700020 ; ENVIADO
CARLOS     ; no relevante ; PRUEBA@PRUEBA.COM ; 123456789 ; 00015 ; 29/7/2017 ; PRUEBA1700021 ; ENVIADO
CARLOS     ; no relevante ; PRUEBA@PRUEBA.COM ; 123456789 ; 00015 ; 29/7/2017 ; PRUEBA1700022 ; ENVIADO
SAMUEL     ; no relevante ; PRUEBA@PRUEBA.COM ; 123456789 ; 00016 ; 29/7/2017 ; PRUEBA1700023 ; ENVIADO
SAMUEL     ; no relevante ; PRUEBA@PRUEBA.COM ; 123456789 ; 00016 ; 29/7/2017 ; PRUEBA1700024 ; ENVIADO